{"iot_nodes": {"1": {"ip": "127.0.0.1", "port": 58618, "name": "iPhone 13 Pro", "PC": 6, "P0": 15.782384496099064, "P_record": [15.782384496099064, 15.782384496099064, 15.782384496099064, 15.782384496099064, 1.3040715392590614, 1.3040715392590614, 1.3040715392590614, 1.3040715392590614, 1.3040715392590614, 1.3040715392590614, 1.3040715392590614, 1.3040715392590614, 0.6503638959434233, 0.574646099361821, 0.6704584384866757, 0.6704584384866757, 0.6704584384866757, 0.5288097335982678, 0.5288097335982678, 0.5288097335982678, 0.3622767526223896, 0.3622767526223896, 0.3622767526223896, 0.3622767526223896, 0.3622767526223896, 0.3622767526223896, 0.3622767526223896, 0.3622767526223896, 0.3622767526223896, 0.3622767526223896, 0.3622767526223896, 0.3622767526223896, 0.3622767526223896, 0.3622767526223896, 0.3622767526223896, 0.3622767526223896, 0.3538043899550921, 0.3538043899550921, 0.3538043899550921, 0.3538043899550921, 0.3538043899550921, 0.3538043899550921, 0.3538043899550921, 0.3538043899550921, 0.3538043899550921, 0.3538043899550921, 0.3538043899550921, 0.3538043899550921], "SoC_record": [1, 1, 1, 1, 0.9119438328146935, 0.9119438328146935, 0.9119438328146935, 0.9119438328146935, 0.9119438328146935, 0.9119438328146935, 0.9119438328146935, 0.9119438328146935, 0.7623496649993791, 0.6466978375646804, 0.6080093129542139, 0.6080093129542139, 0.6080093129542139, 0.5346625871194733, 0.5346625871194733, 0.5346625871194733, 0.3816342801054319, 0.3816342801054319, 0.3816342801054319, 0.3816342801054319, 0.3816342801054319, 0.3816342801054319, 0.3816342801054319, 0.3816342801054319, 0.3816342801054319, 0.3816342801054319, 0.3816342801054319, 0.3816342801054319, 0.3816342801054319, 0.3816342801054319, 0.3816342801054319, 0.3816342801054319, 0.28099741892682184, 0.28099741892682184, 0.28099741892682184, 0.28099741892682184, 0.28099741892682184, 0.28099741892682184, 0.28099741892682184, 0.28099741892682184, 0.28099741892682184, 0.28099741892682184, 0.28099741892682184, 0.28099741892682184]}, "2": {"ip": "127.0.0.1", "port": 58620, "name": "Galaxy S21", "PC": 8, "P0": 20.714064789469465, "P_record": [20.714064789469465, 20.714064789469465, 2.6270830162312837, 2.6270830162312837, 2.6270830162312837, 2.6270830162312837, 2.6270830162312837, 1.8089470393836404, 1.8089470393836404, 1.8089470393836404, 0.8284515729230723, 0.8284515729230723, 0.8284515729230723, 0.8284515729230723, 0.8284515729230723, 0.8284515729230723, 1.0349214225804322, 1.0349214225804322, 0.7990891002403795, 0.7990891002403795, 0.7990891002403795, 0.8366210636319238, 0.8366210636319238, 0.8366210636319238, 0.4868610142171915, 0.3938965599892385, 0.3938965599892385, 0.3938965599892385, 0.3938965599892385, 0.3938965599892385, 0.3938965599892385, 0.3938965599892385, 0.3938965599892385, 0.3938965599892385, 0.3938965599892385, 0.3900386410528597, 0.3900386410528597, 0.3900386410528597, 0.3970752998471889, 0.3970752998471889, 0.3970752998471889, 0.3970752998471889, 0.3970752998471889, 0.3970752998471889, 0.3970752998471889, 0.3970752998471889, 0.3970752998471889, 0.3970752998471889], "SoC_record": [1, 1, 0.9468136608600617, 0.9468136608600617, 0.9468136608600617, 0.9468136608600617, 0.9468136608600617, 0.8866354733705522, 0.8866354733705522, 0.8866354733705522, 0.7450628966093065, 0.7450628966093065, 0.7450628966093065, 0.7450628966093065, 0.7450628966093065, 0.7450628966093065, 0.6966360837221147, 0.6966360837221147, 0.6212961465120317, 0.6212961465120317, 0.6212961465120317, 0.5840235978364946, 0.5840235978364946, 0.5840235978364946, 0.4238174110651018, 0.24795382320880907, 0.24795382320880907, 0.24795382320880907, 0.24795382320880907, 0.24795382320880907, 0.24795382320880907, 0.24795382320880907, 0.24795382320880907, 0.24795382320880907, 0.24795382320880907, 0.1359242498874666, 0.1359242498874666, 0.1359242498874666, 0.07441779077053087, 0.07441779077053087, 0.07441779077053087, 0.07441779077053087, 0.07441779077053087, 0.07441779077053087, 0.07441779077053087, 0.07441779077053087, 0.07441779077053087, 0.07441779077053087]}, "3": {"ip": "127.0.0.1", "port": 58622, "name": "Realme GT", "PC": 8, "P0": 21.097011514318186, "P_record": [21.097011514318186, 21.097011514318186, 21.097011514318186, 3.7981452098313206, 3.7981452098313206, 3.7981452098313206, 1.6771330245423925, 1.6771330245423925, 1.5960143785031957, 0.6928249403981358, 0.6928249403981358, 0.6928249403981358, 0.6928249403981358, 0.6928249403981358, 0.6928249403981358, 0.6928249403981358, 0.6928249403981358, 0.6928249403981358, 0.6928249403981358, 0.6928249403981358, 0.6928249403981358, 0.6928249403981358, 0.6928249403981358, 0.8004729888824319, 0.8004729888824319, 0.8004729888824319, 0.8004729888824319, 0.5950644260343866, 0.5950644260343866, 0.5950644260343866, 0.5950644260343866, 0.5950644260343866, 0.5950644260343866, 0.6079789540817644, 0.4142740723576767, 0.4142740723576767, 0.4142740723576767, 0.42738510962149967, 0.42738510962149967, 0.42738510962149967, 0.42738510962149967, 0.42738510962149967, 0.4355995336484389, 0.4355995336484389, 0.4355995336484389, 0.4355995336484389, 0.4355995336484389, 0.33446278187520584], "SoC_record": [1, 1, 1, 0.9650904278755188, 0.9650904278755188, 0.9650904278755188, 0.8897683544953664, 0.8897683544953664, 0.8383829020659128, 0.6747322836716969, 0.6747322836716969, 0.6747322836716969, 0.6747322836716969, 0.6747322836716969, 0.6747322836716969, 0.6747322836716969, 0.6747322836716969, 0.6747322836716969, 0.6747322836716969, 0.6747322836716969, 0.6747322836716969, 0.6747322836716969, 0.6747322836716969, 0.6050831383069355, 0.6050831383069355, 0.6050831383069355, 0.6050831383069355, 0.4924415330092111, 0.4924415330092111, 0.4924415330092111, 0.4924415330092111, 0.4924415330092111, 0.4924415330092111, 0.4286941832701364, 0.26510244242350256, 0.26510244242350256, 0.26510244242350256, 0.17612875556945795, 0.17612875556945795, 0.17612875556945795, 0.17612875556945795, 0.17612875556945795, 0.12832783810297643, 0.12832783810297643, 0.12832783810297643, 0.12832783810297643, 0.12832783810297643, 0]}, "4": {"ip": "127.0.0.1", "port": 58624, "name": "Rock Pi", "PC": 6, "P0": 15.325388393467593, "P_record": [15.325388393467593, 15.325388393467593, 15.325388393467593, 15.325388393467593, 15.325388393467593, 1.325124493194216, 1.325124493194216, 1.325124493194216, 1.325124493194216, 1.325124493194216, 1.325124493194216, 1.3567927341669768, 1.3567927341669768, 1.3567927341669768, 1.3567927341669768, 1.2299316233963702, 1.2299316233963702, 1.2299316233963702, 1.2299316233963702, 0.5861116969414659, 0.5861116969414659, 0.5861116969414659, 0.45028212489239366, 0.45028212489239366, 0.45028212489239366, 0.45028212489239366, 0.45028212489239366, 0.45028212489239366, 0.45028212489239366, 0.45028212489239366, 0.35899459452349225, 0.35899459452349225, 0.4369927525352395, 0.4369927525352395, 0.4369927525352395, 0.4369927525352395, 0.4369927525352395, 0.4369927525352395, 0.4369927525352395, 0.36029733030875033, 0.36029733030875033, 0.36029733030875033, 0.36029733030875033, 0.36029733030875033, 0.35559858098693786, 0.29224481178049927, 0.29224481178049927, 0.29224481178049927],