{"iot_nodes": {"1": {"ip": "127.0.0.1", "port": 58149, "name": "iPhone 13 Pro", "PC": 6, "P0": 15.99228788903572, "P_record": [15.99228788903572, 15.99228788903572, 15.99228788903572, 15.99228788903572, 15.99228788903572, 2.323383201346943, 2.323383201346943, 2.323383201346943, 2.323383201346943, 2.323383201346943, 2.323383201346943, 2.323383201346943, 2.323383201346943, 2.323383201346943, 2.323383201346943, 2.323383201346943, 2.323383201346943, 2.323383201346943, 2.323383201346943, 2.323383201346943, 2.323383201346943, 2.323383201346943, 2.323383201346943, 2.323383201346943, 2.323383201346943, 2.323383201346943], "SoC_record": [1, 1, 1, 1, 1, 0.9226300326055951, 0.9226300326055951, 0.9226300326055951, 0.9226300326055951, 0.9226300326055951, 0.9226300326055951, 0.9226300326055951, 0.9226300326055951, 0.9226300326055951, 0.9226300326055951, 0.9226300326055951, 0.9226300326055951, 0.9226300326055951, 0.9226300326055951, 0.9226300326055951, 0.9226300326055951, 0.9226300326055951, 0.9226300326055951, 0.9226300326055951, 0.9226300326055951, 0.9226300326055951]}, "2": {"ip": "127.0.0.1", "port": 58151, "name": "Galaxy S21", "PC": 8, "P0": 21.17487398343122, "P_record": [21.17487398343122, 1.6481415369587396, 1.6481415369587396, 1.6481415369587396, 1.6481415369587396, 1.6481415369587396, 1.6481415369587396, 1.6481415369587396, 1.6481415369587396, 1.6481415369587396, 1.8232500350673377, 1.8232500350673377, 1.6738827436460284, 2.0773705750744327, 2.0773705750744327, 2.0773705750744327, 2.0773705750744327, 2.0773705750744327, 2.0773705750744327, 2.0773705750744327, 2.0773705750744327, 5.557071354765222, 1.7106153025572257, 1.7106153025572257, 1.5388814018867736, 1.4524585010390565], "SoC_record": [1, 0.8509281873703003, 0.8509281873703003, 0.8509281873703003, 0.8509281873703003, 0.8509281873703003, 0.8509281873703003, 0.8509281873703003, 0.8509281873703003, 0.8509281873703003, 0.7173892110586166, 0.7173892110586166, 0.5708414882421493, 0.45519721210002895, 0.45519721210002895, 0.45519721210002895, 0.45519721210002895, 0.45519721210002895, 0.45519721210002895, 0.45519721210002895, 0.45519721210002895, 0.41979888975620266, 0.2766829490661621, 0.2766829490661621, 0.11619068682193753, 0]}, "3": {"ip": "127.0.0.1", "port": 58153, "name": "Realme GT", "PC": 8, "P0": 21.453609277369523, "P_record": [21.453609277369523, 21.453609277369523, 21.453609277369523, 21.453609277369523, 2.6605251485073023, 2.6605251485073023, 3.0741368035154957, 3.0741368035154957, 4.109286163665445, 1.5655637106589595, 1.5655637106589595, 4.365628235390403, 4.365628235390403, 4.365628235390403, 5.71677575960136, 5.764959578850255, 4.259325531171593, 4.259325531171593, 4.259325531171593, 4.259325531171593, 1.6401583647517612, 1.6401583647517612, 1.6401583647517612, 1.6401583647517612, 1.6401583647517612, 1.6401583647517612], "SoC_record": [1, 1, 1, 1, 0.9123307347297669, 0.9123307347297669, 0.8381049340566, 0.8381049340566, 0.7856950981616975, 0.6280123806794485, 0.6280123806794485, 0.5794012742837271, 0.5794012742837271, 0.5794012742837271, 0.5451775081157686, 0.5113495326836905, 0.46122577937444065, 0.46122577937444065, 0.46122577937444065, 0.46122577937444065, 0.3113101522127789, 0.3113101522127789, 0.3113101522127789, 0.3113101522127789, 0.3113101522127789, 0.3113101522127789]}, "4": {"ip": "127.0.0.1", "port": 58155, "name": "Rock Pi", "PC": 6, "P0": 16.10428197811945, "P_record": [16.10428197811945, 16.10428197811945, 16.10428197811945, 4.571714430016442, 4.571714430016442, 4.571714430016442, 4.571714430016442, 2.927483101479139, 2.927483101479139, 2.927483101479139, 2.927483101479139, 2.927483101479139, 2.927483101479139, 2.927483101479139, 2.927483101479139, 2.927483101479139, 2.927483101479139, 2.5468485350767813, 2.5468485350767813, 1.4698486745818462, 1.4698486745818462, 1.4698486745818462, 1.4698486745818462, 1.4698486745818462, 1.4698486745818462, 1.4698486745818462], "SoC_record": [1, 1, 1, 0.9659845034281412, 0.9659845034281412, 0.9659845034281412, 0.9659845034281412, 0.9054087575276693, 0.9054087575276693, 0.9054087575276693, 0.9054087575276693, 0.9054087575276693, 0.9054087575276693, 0.9054087575276693, 0.9054087575276693, 0.9054087575276693, 0.9054087575276693, 0.8337420082092285, 0.8337420082092285, 0.6998220094045002, 0.6998220094045002, 0.6998220094045002, 0.6998220094045002, 0.6998220094045002, 0.6998220094045002, 0.6998220094045002]}, "5": {"ip": "127.0.0.1", "port": 58157, "name": "Echo Dot", "PC": 4, "P0": 10.495585957156432, "P_record": [10.495585957156432, 10.495585957156432, 2.463578495797868, 2.463578495797868, 2.463578495797868, 2.463578495797868, 2.463578495797868, 2.463578495797868, 2.463578495797868, 2.463578495797868, 2.463578495797868, 2.463578495797868, 2.463578495797868, 2.463578495797868, 2.463578495797868, 2.463578495797868, 2.463578495797868, 2.463578495797868, 1.8040326821775496, 1.8040326821775496, 1.8040326821775496, 1.8040326821775496, 1.8040326821775496, 1.8777678424203719, 1.8777678424203719, 1.8777678424203719], "SoC_record": [1, 1, 0.9743690312041177, 0.9743690312041177, 0.9743690312041177, 0.9743690312041177, 0.9743690312041177, 0.9743690312041177, 0.9743690312041177, 0.9743690312041177, 0.9743690312041177, 0.9743690312041177, 0.9743690312041177, 0.9743690312041177, 0.9743690312041177, 0.9743690312041177, 0.9743690312041177, 0.9743690312041177, 0.9365422727266948, 0.9365422727266948, 0.9365422727266948, 0.9365422727266948, 0.9365422727266948, 0.9005244913631015, 0.9005244913631015, 0.9005244913631015]}}}