{"iot_nodes": {"1": {"ip": "127.0.0.1", "port": 57503, "name": "iPhone 13 Pro", "PC": 6, "P0": 15.34207378827329, "P_record": [15.34207378827329, 15.34207378827329, 15.34207378827329, 2.90731873113525, 2.90731873113525, 2.90731873113525, 2.90731873113525, 1.5803230943432938, 1.5803230943432938, 0.5821176098664504, 0.5821176098664504, 0.5821176098664504, 0.5821176098664504, 0.5821176098664504, 0.5821176098664504, 0.5821176098664504, 0.5821176098664504, 0.6774221138085214, 0.6774221138085214, 0.6774221138085214, 0.6774221138085214, 0.6774221138085214, 0.6774221138085214, 0.6774221138085214, 0.4194981845776792, 0.4194981845776792, 0.4194981845776792, 0.39385232000254683, 0.39385232000254683, 0.39385232000254683, 0.39385232000254683, 0.39385232000254683, 0.39385232000254683, 0.39385232000254683, 0.39385232000254683, 0.39385232000254683, 0.39385232000254683], "SoC_record": [1, 1, 1, 0.9660330129994287, 0.9660330129994287, 0.9660330129994287, 0.9660330129994287, 0.9104002866016494, 0.9104002866016494, 0.7448539411226909, 0.7448539411226909, 0.7448539411226909, 0.7448539411226909, 0.7448539411226909, 0.7448539411226909, 0.7448539411226909, 0.7448539411226909, 0.6743089660141204, 0.6743089660141204, 0.6743089660141204, 0.6743089660141204, 0.6743089660141204, 0.6743089660141204, 0.6743089660141204, 0.521311228884591, 0.521311228884591, 0.521311228884591, 0.41010518888632463, 0.41010518888632463, 0.41010518888632463, 0.41010518888632463, 0.41010518888632463, 0.41010518888632463, 0.41010518888632463, 0.41010518888632463, 0.41010518888632463, 0.41010518888632463]}, "2": {"ip": "127.0.0.1", "port": 57505, "name": "Galaxy S21", "PC": 8, "P0": 20.739872335571263, "P_record": [20.739872335571263, 20.739872335571263, 2.6670781849435796, 2.6670781849435796, 2.6670781849435796, 2.6670781849435796, 1.5503928514315308, 1.5503928514315308, 1.5503928514315308, 1.5503928514315308, 0.8287257867107451, 0.8287257867107451, 0.8287257867107451, 0.8287257867107451, 1.089908085631121, 1.089908085631121, 1.089908085631121, 1.089908085631121, 1.089908085631121, 1.089908085631121, 0.5887380369077391, 0.5887380369077391, 0.5887380369077391, 0.5887380369077391, 0.5887380369077391, 0.5887380369077391, 0.5887380369077391, 0.5887380369077391, 0.6318562925405105, 0.6318562925405105, 0.6318562925405105, 0.5427969068473311, 0.5427969068473311, 0.5427969068473311, 0.5427969068473311, 0.44497372384521405, 0.44497372384521405], "SoC_record": [1, 1, 0.9476487636566162, 0.9476487636566162, 0.9476487636566162, 0.9476487636566162, 0.8722704857587814, 0.8722704857587814, 0.8722704857587814, 0.8722704857587814, 0.7360469967126846, 0.7360469967126846, 0.7360469967126846, 0.7360469967126846, 0.6987122744321823, 0.6987122744321823, 0.6987122744321823, 0.6987122744321823, 0.6987122744321823, 0.6987122744321823, 0.5507245510816574, 0.5507245510816574, 0.5507245510816574, 0.5507245510816574, 0.5507245510816574, 0.5507245510816574, 0.5507245510816574, 0.5507245510816574, 0.47842062413692477, 0.47842062413692477, 0.47842062413692477, 0.39245952367782594, 0.39245952367782594, 0.39245952367782594, 0.39245952367782594, 0.2748394340276718, 0.2748394340276718]}, "3": {"ip": "127.0.0.1", "port": 57507, "name": "Realme GT", "PC": 8, "P0": 21.301962501173346, "P_record": [21.301962501173346, 1.1905768060342061, 1.1905768060342061, 1.1905768060342061, 1.1905768060342061, 1.1905768060342061, 1.1905768060342061, 1.1905768060342061, 1.47930227823271, 1.47930227823271, 1.47930227823271, 1.47930227823271, 1.47930227823271, 0.835999340079938, 0.835999340079938, 1.0395480409528317, 0.8772560219308669, 0.8772560219308669, 0.8772560219308669, 0.5751530822535068, 0.5751530822535068, 0.5751530822535068, 0.5751530822535068, 0.5751530822535068, 0.5751530822535068, 0.5751530822535068, 0.5751530822535068, 0.5751530822535068, 0.5751530822535068, 0.5141115059300615, 0.41225456918579934, 0.41225456918579934, 0.41225456918579934, 0.4457300381349093, 0.3323996739369253, 0.3323996739369253, 0.3619666750645035], "SoC_record": [1, 0.8705369737943014, 0.8705369737943014, 0.8705369737943014, 0.8705369737943014, 0.8705369737943014, 0.8705369737943014, 0.8705369737943014, 0.8174741037686666, 0.8174741037686666, 0.8174741037686666, 0.8174741037686666, 0.8174741037686666, 0.6998906188805898, 0.6998906188805898, 0.6655033493836721, 0.615268092473348, 0.615268092473348, 0.615268092473348, 0.48659872961044315, 0.48659872961044315, 0.48659872961044315, 0.48659872961044315, 0.48659872961044315, 0.48659872961044315, 0.48659872961044315, 0.48659872961044315, 0.48659872961044315, 0.48659872961044315, 0.373500335931778, 0.22534359280268357, 0.22534359280268357, 0.22534359280268357, 0.16360991811752323, 0.000735869963963881, 0.000735869963963881, 0]}, "4": {"ip": "127.0.0.1", "port": 57509, "name": "Rock Pi", "PC": 6, "P0": 15.959381840130009, "P_record": [15.959381840130009, 15.959381840130009, 15.959381840130009, 15.959381840130009, 1.3140831525029852, 1.3140831525029852, 1.3140831525029852, 1.3140831525029852, 1.3140831525029852, 1.3140831525029852, 1.3140831525029852, 1.4365051909181166, 0.6050743453047247, 0.6050743453047247, 0.6050743453047247, 0.6050743453047247, 0.6050743453047247, 0.6050743453047247, 0.6050743453047247, 0.6050743453047247, 0.6050743453047247, 0.6050743453047247, 0.4772633743517245, 0.4772633743517245, 0.4772633743517245, 0.36456084262097743, 0.36456084262097743, 0.36456084262097743, 0.36456084262097743, 0.36456084262097743, 0.36456084262097743, 0.36456084262097743, 0.36456084262097743, 0.36456084262097743, 0.36456084262097743, 0.36456084262097743, 0.36456084262097743], "SoC_record": [1, 1, 1, 1, 0.9103647581736247, 0.9103647581736247, 0.9103647581736247, 0.9103647581736247, 0.9103647581736247, 0.9103647581736247, 0.9103647581736247, 0.8650494416554769, 0.7152366956075034, 0.7152366956075034, 0.7152366956075034, 0.7152366956075034, 0.7152366956075034, 0.7152366956075034, 0.7152366956075034, 0.7152366956075034, 0.7152366956075034, 0.7152366956075034, 0.5688723405202231, 0.5688723405202231, 0.5688723405202231, 0.3982132720947266, 0.3982132720947266, 0.3982132720947266, 0.3982132720947266, 0.3982132720947266, 0.3982132720947266, 0.3982132720947266, 0.3982132720947266, 0.3982132720947266, 0.3982132720947266, 0.3982132720947266, 0.3982132720947266]}, "5": {"ip": "127.0.0.1", "port": 57511, "name": "Echo Dot", "PC": 4, "P0": 10.642503103013125, "P_record": [10.642503103013125, 10.642503103013125, 10.642503103013125, 10.642503103013125, 10.642503103013125, 1.2918680715681785, 1.2918680715681785, 1.2918680715681785, 1.2918680715681785, 1.2918680715681785, 1.2918680715681785, 1.2918680715681785, 1.2918680715681785, 1.2918680715681785, 1.2918680715681785, 1.2918680715681785, 1.2918680715681785, 1.2918680715681785, 1.061097954274441, 1.061097954274441, 1.061097954274441, 1.3795438852825064, 1.3795438852825064, 0.8707962677395469, 0.8707962677395469, 0.8707962677395469, 0.5175212273164425, 0.5175212273164425, 0.5175212273164425, 0.5175212273164425, 0.5175212273164425, 0.5175212273164425, 0.7612129156677183, 0.7612129156677183, 0.7612129156677183, 0.7612129156677183, 0.7612129156677183], "SoC_record": [1, 1, 1, 1, 1, 0.959210564441151, 0.959210564441151, 0.959210564441151, 0.959210564441151, 0.959210564441151, 0.959210564441151, 0.959210564441151, 0.959210564441151, 0.959210564441151, 0.959210564441151, 0.959210564441151, 0.959210564441151, 0.959210564441151, 0.9198180262380176, 0.9198180262380176, 0.9198180262380176, 0.9045070446729659, 0.9045070446729659, 0.8681736877626842, 0.8681736877626842, 0.8681736877626842, 0.7951266167031393, 0.7951266167031393, 0.7951266167031393, 0.7951266167031393, 0.7951266167031393, 0.7951266167031393, 0.7796621574295891, 0.7796621574295891, 0.7796621574295891, 0.7796621574295891, 0.7796621574295891]}}}